{"cameraMode":{"drawMode":0,"name":"Shaded","section":"Shading Mode"},"sceneLighting":true,"audioPlay":false,"sceneViewState":{"m_AlwaysRefresh":false,"showFog":true,"showSkybox":true,"showFlares":true,"showImageEffects":true,"showParticleSystems":true,"showVisualEffectGraphs":true,"m_FxEnabled":true},"in2DMode":false,"pivot":{"x":-102.81053161621094,"y":0.8417422771453857,"z":2.6887741088867189},"rotation":{"x":0.12560169398784638,"y":-0.6727968454360962,"z":0.11743716150522232,"w":0.7195683717727661},"size":332.28216552734377,"orthographic":false}